Machine Index,Machine Name,CPU Base Clock Speed (GHz)
0,"Microsoft Azure FSV2, Xeon Platinum 8272CL",2.6
1,"Microsoft Azure VM, AMD EPYC 7V12",2.44
2,"Microsoft Azure FSV2 Baremetal Instance, Xeon Platinum 8270C, 128 GB",2.8
3,"OpenMetal Private Cloud (2 x Intel Xeon Gold 6338 CPU, 32-Core/64-Thread)",2
4,"Servers.com (Intel Xeon E-2288G CPU, 128 GB RAM)",3.7
5,AWS c6i.8xlarge  (Intel Ice Lake Xeon Platinum 8375C)  (Linux Solver),2.9
6,AWS c6i.24xlarge  (Intel Ice Lake Xeon Platinum 8375C)  (Linux Solver),2.9
7,AWS c6i.8xlarge (Intel Ice Lake Xeon Platinum 8375C) (Windows Instance),2.9
8,AWS c5a.8xlarge (AMD EPYC 7R32) (Linux Solver),3.3
9,"Midrange Laptop (Intel Core i7-1070H, 32GB)",2.59
10,Midrange Desktop (Intel i9-9900) (No HT),3.1
11,"Midrange Desktop (Intel i9-9900) - 64GB RAM, Mapped Drive",3.1
12,Midrange Desktop i9-9900 (with HT),3.1
13,Fenstermaker HPC (12th Gen i9-12900K 64 GB) (Cloud Test Environment),3.19
14,Fenstermaker HPC (12th Gen i9-12900K 64 GB) (Hardware Defaults),3.4
15,"Dell Rack Machine (AMD 16 core x 2, 3.49GHz, 64GB RAM)",3.49
16,"Dell Precision 7920 Tower (Intel Xeon Gold 6246R CPU, 3.40 GHz, 192 GB Ram)",3.4
17,"Dell Rack Machine (Hyper V AMD, 10 vCPU, 3.49GHz, 16GB RAM, 128 GB drive)",3.49
18,"Microsoft Azure FX12mds (Intel Xeon Gold 6246R CPU, 252 GB RAM)",3.4
19,Microsoft Azure F72s (Intel Xeon Platinum 8370C CPU 144GB RAM),2.8
20,Intel Xeon Gold 6248R (32 GB RAM) (Cloud Test Environment),3
21,"Fenstermaker HPC (12th Gen i9-12900K 64 GB) (Optimized, No HT, No Eff Cores)",3.4
