,Machine Index,Cores,Runtime (min),Machine Name,CPU Base Clock Speed (GHz),Unit Runtime,Manufacturer
0,0,1,98.78333333,"Microsoft Azure FSV2, Xeon Platinum 8272CL",2.6,2.7577703330541596,Intel
1,0,2,54.43333333,"Microsoft Azure FSV2, Xeon Platinum 8272CL",2.6,1.519635213009492,Intel
2,0,3,50.1,"Microsoft Azure FSV2, Xeon Platinum 8272CL",2.6,1.3986599664991626,Intel
3,0,4,35.23333333,"Microsoft Azure FSV2, Xeon Platinum 8272CL",2.6,0.9836218126744836,Intel
4,0,5,32.96666667,"Microsoft Azure FSV2, Xeon Platinum 8272CL",2.6,0.9203424530988276,Intel
5,0,6,30.68333333,"Microsoft Azure FSV2, Xeon Platinum 8272CL",2.6,0.8565978037409269,Intel
6,0,7,29.33333333,"Microsoft Azure FSV2, Xeon Platinum 8272CL",2.6,0.8189093615298715,Intel
7,0,8,28.53333333,"Microsoft Azure FSV2, Xeon Platinum 8272CL",2.6,0.7965754698492462,Intel
8,0,9,27.55,"Microsoft Azure FSV2, Xeon Platinum 8272CL",2.6,0.7691233947515355,Intel
9,0,10,27.03333333,"Microsoft Azure FSV2, Xeon Platinum 8272CL",2.6,0.7546994229480737,Intel
10,0,11,27.03333333,"Microsoft Azure FSV2, Xeon Platinum 8272CL",2.6,0.7546994229480737,Intel
11,0,12,25.76666667,"Microsoft Azure FSV2, Xeon Platinum 8272CL",2.6,0.7193374279731993,Intel
12,0,13,25.38333333,"Microsoft Azure FSV2, Xeon Platinum 8272CL",2.6,0.7086357713567839,Intel
13,0,14,26.76666667,"Microsoft Azure FSV2, Xeon Platinum 8272CL",2.6,0.747254792573981,Intel
14,0,15,28.03333333,"Microsoft Azure FSV2, Xeon Platinum 8272CL",2.6,0.7826167875488554,Intel
15,0,16,28.53333333,"Microsoft Azure FSV2, Xeon Platinum 8272CL",2.6,0.7965754698492462,Intel
16,1,1,83.00916667,"Microsoft Azure VM, AMD EPYC 7V12",2.44,2.317397171133445,AMD
17,1,2,48.3,"Microsoft Azure VM, AMD EPYC 7V12",2.44,1.3484087102177553,AMD
18,1,3,41.68333333,"Microsoft Azure VM, AMD EPYC 7V12",2.44,1.1636888143495254,AMD
19,1,4,33.93333333,"Microsoft Azure VM, AMD EPYC 7V12",2.44,0.9473292386934674,AMD
20,1,5,31.56666667,"Microsoft Azure VM, AMD EPYC 7V12",2.44,0.8812581426577331,AMD
21,1,6,29.71666667,"Microsoft Azure VM, AMD EPYC 7V12",2.44,0.8296110181462869,AMD
22,1,7,28.7,"Microsoft Azure VM, AMD EPYC 7V12",2.44,0.8012283640424344,AMD
23,1,8,27.88333333,"Microsoft Azure VM, AMD EPYC 7V12",2.44,0.7784291828587381,AMD
24,1,9,27.46666667,"Microsoft Azure VM, AMD EPYC 7V12",2.44,0.7667969477945281,AMD
25,1,10,27.1,"Microsoft Azure VM, AMD EPYC 7V12",2.44,0.7565605806811837,AMD
26,1,11,26.7,"Microsoft Azure VM, AMD EPYC 7V12",2.44,0.745393634840871,AMD
27,1,12,26.6,"Microsoft Azure VM, AMD EPYC 7V12",2.44,0.7426018983807929,AMD
28,1,13,26.26666667,"Microsoft Azure VM, AMD EPYC 7V12",2.44,0.7332961102735901,AMD
29,1,14,26.15,"Microsoft Azure VM, AMD EPYC 7V12",2.44,0.7300390843104411,AMD
30,1,15,26.21666667,"Microsoft Azure VM, AMD EPYC 7V12",2.44,0.7319002420435511,AMD
31,1,16,29.73333333,"Microsoft Azure VM, AMD EPYC 7V12",2.44,0.8300763073701842,AMD
32,2,1,74.16666667,"Microsoft Azure FSV2 Baremetal Instance, Xeon Platinum 8270C, 128 GB",2.8,2.070537874651033,Intel
33,2,2,37.61666667,"Microsoft Azure FSV2 Baremetal Instance, Xeon Platinum 8270C, 128 GB",2.8,1.0501581984924624,Intel
34,2,3,32.38333333,"Microsoft Azure FSV2 Baremetal Instance, Xeon Platinum 8270C, 128 GB",2.8,0.9040573235622557,Intel
35,2,4,25.41666667,"Microsoft Azure FSV2 Baremetal Instance, Xeon Platinum 8270C, 128 GB",2.8,0.7095663503629258,Intel
36,2,5,23.71666667,"Microsoft Azure FSV2 Baremetal Instance, Xeon Platinum 8270C, 128 GB",2.8,0.6621068305415968,Intel
37,2,6,22.08333333,"Microsoft Azure FSV2 Baremetal Instance, Xeon Platinum 8270C, 128 GB",2.8,0.6165084681742043,Intel
38,2,7,21.76666667,"Microsoft Azure FSV2 Baremetal Instance, Xeon Platinum 8270C, 128 GB",2.8,0.6076679695700725,Intel
39,2,8,21.23333333,"Microsoft Azure FSV2 Baremetal Instance, Xeon Platinum 8270C, 128 GB",2.8,0.59277870826354,Intel
40,2,9,20.63333333,"Microsoft Azure FSV2 Baremetal Instance, Xeon Platinum 8270C, 128 GB",2.8,0.5760282895030708,Intel
41,2,10,20.0,"Microsoft Azure FSV2 Baremetal Instance, Xeon Platinum 8270C, 128 GB",2.8,0.5583472920156337,Intel
42,2,11,20.03333333,"Microsoft Azure FSV2 Baremetal Instance, Xeon Platinum 8270C, 128 GB",2.8,0.5592778707426019,Intel
43,2,12,19.8,"Microsoft Azure FSV2 Baremetal Instance, Xeon Platinum 8270C, 128 GB",2.8,0.5527638190954774,Intel
44,2,13,19.83333333,"Microsoft Azure FSV2 Baremetal Instance, Xeon Platinum 8270C, 128 GB",2.8,0.5536943978224456,Intel
45,2,14,19.76666667,"Microsoft Azure FSV2 Baremetal Instance, Xeon Platinum 8270C, 128 GB",2.8,0.5518332403685092,Intel
46,2,15,19.55,"Microsoft Azure FSV2 Baremetal Instance, Xeon Platinum 8270C, 128 GB",2.8,0.545784477945282,Intel
47,2,16,19.53333333,"Microsoft Azure FSV2 Baremetal Instance, Xeon Platinum 8270C, 128 GB",2.8,0.5453191884422111,Intel
48,3,1,74.25,"OpenMetal Private Cloud (2 x Intel Xeon Gold 6338 CPU, 32-Core/64-Thread)",2.0,2.0728643216080402,Intel
49,3,2,40.01666667,"OpenMetal Private Cloud (2 x Intel Xeon Gold 6338 CPU, 32-Core/64-Thread)",2.0,1.1171598735343384,Intel
50,3,3,36.11666667,"OpenMetal Private Cloud (2 x Intel Xeon Gold 6338 CPU, 32-Core/64-Thread)",2.0,1.0082821515912899,Intel
51,3,4,31.88333333,"OpenMetal Private Cloud (2 x Intel Xeon Gold 6338 CPU, 32-Core/64-Thread)",2.0,0.8900986412618649,Intel
52,3,5,32.71666667,"OpenMetal Private Cloud (2 x Intel Xeon Gold 6338 CPU, 32-Core/64-Thread)",2.0,0.9133631119486321,Intel
53,3,6,32.03333333,"OpenMetal Private Cloud (2 x Intel Xeon Gold 6338 CPU, 32-Core/64-Thread)",2.0,0.894286245951982,Intel
54,3,7,32.7,"OpenMetal Private Cloud (2 x Intel Xeon Gold 6338 CPU, 32-Core/64-Thread)",2.0,0.9128978224455612,Intel
55,3,8,31.6,"OpenMetal Private Cloud (2 x Intel Xeon Gold 6338 CPU, 32-Core/64-Thread)",2.0,0.8821887213847013,Intel
56,3,9,32.53333333,"OpenMetal Private Cloud (2 x Intel Xeon Gold 6338 CPU, 32-Core/64-Thread)",2.0,0.9082449282523729,Intel
57,3,10,32.88333333,"OpenMetal Private Cloud (2 x Intel Xeon Gold 6338 CPU, 32-Core/64-Thread)",2.0,0.9180160058626465,Intel
58,3,11,32.95,"OpenMetal Private Cloud (2 x Intel Xeon Gold 6338 CPU, 32-Core/64-Thread)",2.0,0.9198771635957567,Intel
59,3,12,33.1,"OpenMetal Private Cloud (2 x Intel Xeon Gold 6338 CPU, 32-Core/64-Thread)",2.0,0.9240647682858738,Intel
60,3,13,33.01666667,"OpenMetal Private Cloud (2 x Intel Xeon Gold 6338 CPU, 32-Core/64-Thread)",2.0,0.9217383213288666,Intel
61,3,14,32.83333333,"OpenMetal Private Cloud (2 x Intel Xeon Gold 6338 CPU, 32-Core/64-Thread)",2.0,0.9166201376326075,Intel
62,3,15,33.13333333,"OpenMetal Private Cloud (2 x Intel Xeon Gold 6338 CPU, 32-Core/64-Thread)",2.0,0.9249953470128419,Intel
63,3,16,31.76666667,"OpenMetal Private Cloud (2 x Intel Xeon Gold 6338 CPU, 32-Core/64-Thread)",2.0,0.8868416155778894,Intel
64,4,1,67.73333333,"Servers.com (Intel Xeon E-2288G CPU, 128 GB RAM)",3.7,1.8909361621998881,Intel
65,4,2,36.71666667,"Servers.com (Intel Xeon E-2288G CPU, 128 GB RAM)",3.7,1.0250325703517589,Intel
66,4,3,31.43333333,"Servers.com (Intel Xeon E-2288G CPU, 128 GB RAM)",3.7,0.8775358271915131,Intel
67,4,4,25.03333333,"Servers.com (Intel Xeon E-2288G CPU, 128 GB RAM)",3.7,0.6988646937465104,Intel
68,4,5,23.35,"Servers.com (Intel Xeon E-2288G CPU, 128 GB RAM)",3.7,0.6518704634282524,Intel
69,4,6,21.96666667,"Servers.com (Intel Xeon E-2288G CPU, 128 GB RAM)",3.7,0.6132514424902289,Intel
70,4,7,21.53333333,"Servers.com (Intel Xeon E-2288G CPU, 128 GB RAM)",3.7,0.6011539176437745,Intel
71,4,8,21.21666667,"Servers.com (Intel Xeon E-2288G CPU, 128 GB RAM)",3.7,0.5923134190396426,Intel
72,4,9,21.21666667,"Servers.com (Intel Xeon E-2288G CPU, 128 GB RAM)",3.7,0.5923134190396426,Intel
73,4,10,21.08333333,"Servers.com (Intel Xeon E-2288G CPU, 128 GB RAM)",3.7,0.5885911035734226,Intel
74,4,11,21.2,"Servers.com (Intel Xeon E-2288G CPU, 128 GB RAM)",3.7,0.5918481295365717,Intel
75,4,12,21.2,"Servers.com (Intel Xeon E-2288G CPU, 128 GB RAM)",3.7,0.5918481295365717,Intel
76,4,13,21.18333333,"Servers.com (Intel Xeon E-2288G CPU, 128 GB RAM)",3.7,0.5913828400335008,Intel
77,4,14,20.78333333,"Servers.com (Intel Xeon E-2288G CPU, 128 GB RAM)",3.7,0.5802158941931882,Intel
78,4,15,20.76666667,"Servers.com (Intel Xeon E-2288G CPU, 128 GB RAM)",3.7,0.5797506049692909,Intel
79,4,16,20.93333333,"Servers.com (Intel Xeon E-2288G CPU, 128 GB RAM)",3.7,0.5844034988833055,Intel
80,5,1,52.33,AWS c6i.8xlarge  (Intel Ice Lake Xeon Platinum 8375C)  (Linux Solver),2.9,1.4609156895589055,Intel
81,5,2,32.03,AWS c6i.8xlarge  (Intel Ice Lake Xeon Platinum 8375C)  (Linux Solver),2.9,0.8941931881630374,Intel
82,5,3,27.4,AWS c6i.8xlarge  (Intel Ice Lake Xeon Platinum 8375C)  (Linux Solver),2.9,0.7649357900614182,Intel
83,5,4,21.88,AWS c6i.8xlarge  (Intel Ice Lake Xeon Platinum 8375C)  (Linux Solver),2.9,0.6108319374651032,Intel
84,5,8,17.13,AWS c6i.8xlarge  (Intel Ice Lake Xeon Platinum 8375C)  (Linux Solver),2.9,0.47822445561139026,Intel
85,5,12,15.78,AWS c6i.8xlarge  (Intel Ice Lake Xeon Platinum 8375C)  (Linux Solver),2.9,0.440536013400335,Intel
86,5,16,14.88,AWS c6i.8xlarge  (Intel Ice Lake Xeon Platinum 8375C)  (Linux Solver),2.9,0.41541038525963153,Intel
87,6,16,17.22,AWS c6i.24xlarge  (Intel Ice Lake Xeon Platinum 8375C)  (Linux Solver),2.9,0.4807370184254606,Intel
88,6,24,16.67,AWS c6i.24xlarge  (Intel Ice Lake Xeon Platinum 8375C)  (Linux Solver),2.9,0.46538246789503074,Intel
89,6,48,16.12,AWS c6i.24xlarge  (Intel Ice Lake Xeon Platinum 8375C)  (Linux Solver),2.9,0.4500279173646008,Intel
90,7,16,17.23,AWS c6i.8xlarge (Intel Ice Lake Xeon Platinum 8375C) (Windows Instance),2.9,0.48101619207146845,Intel
91,8,16,20.95,AWS c5a.8xlarge (AMD EPYC 7R32) (Linux Solver),3.3,0.5848687883863763,AMD
92,9,1,62.95,"Midrange Laptop (Intel Core i7-1070H, 32GB)",2.59,1.7573981016192073,Intel
93,9,2,34.83,"Midrange Laptop (Intel Core i7-1070H, 32GB)",2.59,0.9723618090452261,Intel
94,9,3,29.97,"Midrange Laptop (Intel Core i7-1070H, 32GB)",2.59,0.8366834170854272,Intel
95,9,4,25.02,"Midrange Laptop (Intel Core i7-1070H, 32GB)",2.59,0.6984924623115578,Intel
96,9,5,24.05,"Midrange Laptop (Intel Core i7-1070H, 32GB)",2.59,0.6714126186487995,Intel
97,9,6,24.25,"Midrange Laptop (Intel Core i7-1070H, 32GB)",2.59,0.6769960915689559,Intel
98,10,1,59.48,Midrange Desktop (Intel i9-9900) (No HT),3.1,1.6605248464544946,Intel
99,10,2,30.88,Midrange Desktop (Intel i9-9900) (No HT),3.1,0.8620882188721385,Intel
100,10,3,23.57,Midrange Desktop (Intel i9-9900) (No HT),3.1,0.6580122836404243,Intel
101,10,5,19.65,Midrange Desktop (Intel i9-9900) (No HT),3.1,0.5485762144053601,Intel
102,10,6,20.15,Midrange Desktop (Intel i9-9900) (No HT),3.1,0.562534896705751,Intel
103,10,7,19.77,Midrange Desktop (Intel i9-9900) (No HT),3.1,0.5519262981574539,Intel
104,10,8,20.55,Midrange Desktop (Intel i9-9900) (No HT),3.1,0.5737018425460637,Intel
105,11,1,54.65,"Midrange Desktop (Intel i9-9900) - 64GB RAM, Mapped Drive",3.1,1.5256839754327192,Intel
106,11,2,29.98,"Midrange Desktop (Intel i9-9900) - 64GB RAM, Mapped Drive",3.1,0.836962590731435,Intel
107,11,3,26.05,"Midrange Desktop (Intel i9-9900) - 64GB RAM, Mapped Drive",3.1,0.7272473478503629,Intel
108,11,4,21.58,"Midrange Desktop (Intel i9-9900) - 64GB RAM, Mapped Drive",3.1,0.6024567280848687,Intel
109,11,5,20.57,"Midrange Desktop (Intel i9-9900) - 64GB RAM, Mapped Drive",3.1,0.5742601898380792,Intel
110,11,6,19.68,"Midrange Desktop (Intel i9-9900) - 64GB RAM, Mapped Drive",3.1,0.5494137353433836,Intel
111,11,7,20.6,"Midrange Desktop (Intel i9-9900) - 64GB RAM, Mapped Drive",3.1,0.5750977107761027,Intel
112,11,8,19.78,"Midrange Desktop (Intel i9-9900) - 64GB RAM, Mapped Drive",3.1,0.5522054718034618,Intel
113,12,1,54.63,Midrange Desktop i9-9900 (with HT),3.1,1.5251256281407035,Intel
114,12,2,30.0,Midrange Desktop i9-9900 (with HT),3.1,0.8375209380234506,Intel
115,12,3,26.2,Midrange Desktop i9-9900 (with HT),3.1,0.7314349525404802,Intel
116,12,4,21.52,Midrange Desktop i9-9900 (with HT),3.1,0.6007816862088219,Intel
117,12,5,20.5,Midrange Desktop i9-9900 (with HT),3.1,0.5723059743160246,Intel
118,12,6,20.73,Midrange Desktop i9-9900 (with HT),3.1,0.5787269681742043,Intel
119,12,7,19.55,Midrange Desktop i9-9900 (with HT),3.1,0.545784477945282,Intel
120,12,8,19.87,Midrange Desktop i9-9900 (with HT),3.1,0.5547180346175321,Intel
121,13,8,11.55,Fenstermaker HPC (12th Gen i9-12900K 64 GB) (Cloud Test Environment),3.19,0.3224455611390285,Intel
122,13,16,14.12,Fenstermaker HPC (12th Gen i9-12900K 64 GB) (Cloud Test Environment),3.19,0.3941931881630374,Intel
123,14,1,35.65,Fenstermaker HPC (12th Gen i9-12900K 64 GB) (Hardware Defaults),3.4,0.9952540480178671,Intel
124,14,2,19.08,Fenstermaker HPC (12th Gen i9-12900K 64 GB) (Hardware Defaults),3.4,0.5326633165829145,Intel
125,14,3,17.45,Fenstermaker HPC (12th Gen i9-12900K 64 GB) (Hardware Defaults),3.4,0.4871580122836404,Intel
126,14,4,14.32,Fenstermaker HPC (12th Gen i9-12900K 64 GB) (Hardware Defaults),3.4,0.39977666108319376,Intel
127,14,5,13.65,Fenstermaker HPC (12th Gen i9-12900K 64 GB) (Hardware Defaults),3.4,0.38107202680067004,Intel
128,14,6,12.42,Fenstermaker HPC (12th Gen i9-12900K 64 GB) (Hardware Defaults),3.4,0.34673366834170855,Intel
129,14,7,12.1,Fenstermaker HPC (12th Gen i9-12900K 64 GB) (Hardware Defaults),3.4,0.3378001116694584,Intel
130,14,8,11.98,Fenstermaker HPC (12th Gen i9-12900K 64 GB) (Hardware Defaults),3.4,0.3344500279173646,Intel
131,14,10,13.35,Fenstermaker HPC (12th Gen i9-12900K 64 GB) (Hardware Defaults),3.4,0.3726968174204355,Intel
132,14,12,14.33,Fenstermaker HPC (12th Gen i9-12900K 64 GB) (Hardware Defaults),3.4,0.4000558347292016,Intel
133,14,14,14.73,Fenstermaker HPC (12th Gen i9-12900K 64 GB) (Hardware Defaults),3.4,0.4112227805695142,Intel
134,14,16,15.0,Fenstermaker HPC (12th Gen i9-12900K 64 GB) (Hardware Defaults),3.4,0.4187604690117253,Intel
135,14,18,14.97,Fenstermaker HPC (12th Gen i9-12900K 64 GB) (Hardware Defaults),3.4,0.41792294807370184,Intel
136,14,20,15.03,Fenstermaker HPC (12th Gen i9-12900K 64 GB) (Hardware Defaults),3.4,0.41959798994974873,Intel
137,14,24,15.07,Fenstermaker HPC (12th Gen i9-12900K 64 GB) (Hardware Defaults),3.4,0.42071468453378,Intel
138,15,1,113.52,"Dell Rack Machine (AMD 16 core x 2, 3.49GHz, 64GB RAM)",3.49,3.169179229480737,AMD
139,15,2,72.22,"Dell Rack Machine (AMD 16 core x 2, 3.49GHz, 64GB RAM)",3.49,2.016192071468453,AMD
140,15,3,61.5,"Dell Rack Machine (AMD 16 core x 2, 3.49GHz, 64GB RAM)",3.49,1.7169179229480738,AMD
141,15,4,44.97,"Dell Rack Machine (AMD 16 core x 2, 3.49GHz, 64GB RAM)",3.49,1.2554438860971524,AMD
142,15,5,44.03,"Dell Rack Machine (AMD 16 core x 2, 3.49GHz, 64GB RAM)",3.49,1.2292015633724176,AMD
143,15,6,46.32,"Dell Rack Machine (AMD 16 core x 2, 3.49GHz, 64GB RAM)",3.49,1.2931323283082077,AMD
144,15,7,45.8,"Dell Rack Machine (AMD 16 core x 2, 3.49GHz, 64GB RAM)",3.49,1.278615298715801,AMD
145,15,8,40.17,"Dell Rack Machine (AMD 16 core x 2, 3.49GHz, 64GB RAM)",3.49,1.1214405360134003,AMD
146,15,9,39.68,"Dell Rack Machine (AMD 16 core x 2, 3.49GHz, 64GB RAM)",3.49,1.1077610273590173,AMD
147,15,10,38.07,"Dell Rack Machine (AMD 16 core x 2, 3.49GHz, 64GB RAM)",3.49,1.0628140703517588,AMD
148,15,11,42.52,"Dell Rack Machine (AMD 16 core x 2, 3.49GHz, 64GB RAM)",3.49,1.1870463428252374,AMD
149,15,12,40.28,"Dell Rack Machine (AMD 16 core x 2, 3.49GHz, 64GB RAM)",3.49,1.1245114461194863,AMD
150,15,13,36.62,"Dell Rack Machine (AMD 16 core x 2, 3.49GHz, 64GB RAM)",3.49,1.0223338916806253,AMD
151,15,14,40.15,"Dell Rack Machine (AMD 16 core x 2, 3.49GHz, 64GB RAM)",3.49,1.1208821887213847,AMD
152,15,15,39.25,"Dell Rack Machine (AMD 16 core x 2, 3.49GHz, 64GB RAM)",3.49,1.0957565605806812,AMD
153,16,1,77.4,"Dell Precision 7920 Tower (Intel Xeon Gold 6246R CPU, 3.40 GHz, 192 GB Ram)",3.4,2.1608040201005028,Intel
154,16,2,40.12,"Dell Precision 7920 Tower (Intel Xeon Gold 6246R CPU, 3.40 GHz, 192 GB Ram)",3.4,1.120044667783361,Intel
155,16,3,34.03,"Dell Precision 7920 Tower (Intel Xeon Gold 6246R CPU, 3.40 GHz, 192 GB Ram)",3.4,0.9500279173646008,Intel
156,16,4,30.52,"Dell Precision 7920 Tower (Intel Xeon Gold 6246R CPU, 3.40 GHz, 192 GB Ram)",3.4,0.852037967615857,Intel
157,16,5,26.28,"Dell Precision 7920 Tower (Intel Xeon Gold 6246R CPU, 3.40 GHz, 192 GB Ram)",3.4,0.7336683417085428,Intel
158,16,6,30.9,"Dell Precision 7920 Tower (Intel Xeon Gold 6246R CPU, 3.40 GHz, 192 GB Ram)",3.4,0.862646566164154,Intel
159,16,7,22.8,"Dell Precision 7920 Tower (Intel Xeon Gold 6246R CPU, 3.40 GHz, 192 GB Ram)",3.4,0.6365159128978225,Intel
160,16,8,22.2,"Dell Precision 7920 Tower (Intel Xeon Gold 6246R CPU, 3.40 GHz, 192 GB Ram)",3.4,0.6197654941373534,Intel
161,16,9,21.1,"Dell Precision 7920 Tower (Intel Xeon Gold 6246R CPU, 3.40 GHz, 192 GB Ram)",3.4,0.5890563930764936,Intel
162,16,10,26.07,"Dell Precision 7920 Tower (Intel Xeon Gold 6246R CPU, 3.40 GHz, 192 GB Ram)",3.4,0.7278056951423786,Intel
163,16,11,25.52,"Dell Precision 7920 Tower (Intel Xeon Gold 6246R CPU, 3.40 GHz, 192 GB Ram)",3.4,0.7124511446119486,Intel
164,16,12,20.18,"Dell Precision 7920 Tower (Intel Xeon Gold 6246R CPU, 3.40 GHz, 192 GB Ram)",3.4,0.5633724176437744,Intel
165,16,13,24.52,"Dell Precision 7920 Tower (Intel Xeon Gold 6246R CPU, 3.40 GHz, 192 GB Ram)",3.4,0.6845337800111669,Intel
166,16,14,23.68,"Dell Precision 7920 Tower (Intel Xeon Gold 6246R CPU, 3.40 GHz, 192 GB Ram)",3.4,0.6610831937465104,Intel
167,16,15,24.35,"Dell Precision 7920 Tower (Intel Xeon Gold 6246R CPU, 3.40 GHz, 192 GB Ram)",3.4,0.6797878280290341,Intel
168,16,16,23.3,"Dell Precision 7920 Tower (Intel Xeon Gold 6246R CPU, 3.40 GHz, 192 GB Ram)",3.4,0.6504745951982133,Intel
169,17,8,31.15,"Dell Rack Machine (Hyper V AMD, 10 vCPU, 3.49GHz, 16GB RAM, 128 GB drive)",3.49,0.8696259073143495,AMD
170,18,1,83.18,"Microsoft Azure FX12mds (Intel Xeon Gold 6246R CPU, 252 GB RAM)",3.4,2.322166387493021,Intel
171,18,2,44.37,"Microsoft Azure FX12mds (Intel Xeon Gold 6246R CPU, 252 GB RAM)",3.4,1.2386934673366834,Intel
172,18,3,37.33,"Microsoft Azure FX12mds (Intel Xeon Gold 6246R CPU, 252 GB RAM)",3.4,1.0421552205471802,Intel
173,18,4,30.55,"Microsoft Azure FX12mds (Intel Xeon Gold 6246R CPU, 252 GB RAM)",3.4,0.8528754885538805,Intel
174,18,5,28.73,"Microsoft Azure FX12mds (Intel Xeon Gold 6246R CPU, 252 GB RAM)",3.4,0.8020658849804578,Intel
175,18,6,27.58,"Microsoft Azure FX12mds (Intel Xeon Gold 6246R CPU, 252 GB RAM)",3.4,0.7699609156895588,Intel
176,18,7,27.47,"Microsoft Azure FX12mds (Intel Xeon Gold 6246R CPU, 252 GB RAM)",3.4,0.7668900055834729,Intel
177,18,8,27.42,"Microsoft Azure FX12mds (Intel Xeon Gold 6246R CPU, 252 GB RAM)",3.4,0.7654941373534339,Intel
178,18,9,27.32,"Microsoft Azure FX12mds (Intel Xeon Gold 6246R CPU, 252 GB RAM)",3.4,0.7627024008933556,Intel
179,18,10,27.55,"Microsoft Azure FX12mds (Intel Xeon Gold 6246R CPU, 252 GB RAM)",3.4,0.7691233947515355,Intel
180,18,11,26.95,"Microsoft Azure FX12mds (Intel Xeon Gold 6246R CPU, 252 GB RAM)",3.4,0.7523729759910665,Intel
181,18,12,28.02,"Microsoft Azure FX12mds (Intel Xeon Gold 6246R CPU, 252 GB RAM)",3.4,0.7822445561139029,Intel
182,18,13,27.92,"Microsoft Azure FX12mds (Intel Xeon Gold 6246R CPU, 252 GB RAM)",3.4,0.7794528196538247,Intel
183,18,14,28.15,"Microsoft Azure FX12mds (Intel Xeon Gold 6246R CPU, 252 GB RAM)",3.4,0.7858738135120045,Intel
184,18,15,27.87,"Microsoft Azure FX12mds (Intel Xeon Gold 6246R CPU, 252 GB RAM)",3.4,0.7780569514237856,Intel
185,18,16,27.77,"Microsoft Azure FX12mds (Intel Xeon Gold 6246R CPU, 252 GB RAM)",3.4,0.7752652149637074,Intel
186,19,1,74.27,Microsoft Azure F72s (Intel Xeon Platinum 8370C CPU 144GB RAM),2.8,2.0734226689000557,Intel
187,19,2,37.7,Microsoft Azure F72s (Intel Xeon Platinum 8370C CPU 144GB RAM),2.8,1.0524846454494696,Intel
188,19,3,32.32,Microsoft Azure F72s (Intel Xeon Platinum 8370C CPU 144GB RAM),2.8,0.9022892238972641,Intel
189,19,4,26.03,Microsoft Azure F72s (Intel Xeon Platinum 8370C CPU 144GB RAM),2.8,0.7266890005583473,Intel
190,19,5,23.33,Microsoft Azure F72s (Intel Xeon Platinum 8370C CPU 144GB RAM),2.8,0.6513121161362367,Intel
191,19,6,22.07,Microsoft Azure F72s (Intel Xeon Platinum 8370C CPU 144GB RAM),2.8,0.6161362367392518,Intel
192,19,7,22.53,Microsoft Azure F72s (Intel Xeon Platinum 8370C CPU 144GB RAM),2.8,0.6289782244556115,Intel
193,19,8,21.78,Microsoft Azure F72s (Intel Xeon Platinum 8370C CPU 144GB RAM),2.8,0.6080402010050252,Intel
194,19,9,21.22,Microsoft Azure F72s (Intel Xeon Platinum 8370C CPU 144GB RAM),2.8,0.5924064768285874,Intel
195,19,10,20.62,Microsoft Azure F72s (Intel Xeon Platinum 8370C CPU 144GB RAM),2.8,0.5756560580681184,Intel
196,19,11,20.85,Microsoft Azure F72s (Intel Xeon Platinum 8370C CPU 144GB RAM),2.8,0.5820770519262982,Intel
197,19,12,20.58,Microsoft Azure F72s (Intel Xeon Platinum 8370C CPU 144GB RAM),2.8,0.5745393634840871,Intel
198,19,13,20.6,Microsoft Azure F72s (Intel Xeon Platinum 8370C CPU 144GB RAM),2.8,0.5750977107761027,Intel
199,19,14,20.45,Microsoft Azure F72s (Intel Xeon Platinum 8370C CPU 144GB RAM),2.8,0.5709101060859855,Intel
200,19,15,20.3,Microsoft Azure F72s (Intel Xeon Platinum 8370C CPU 144GB RAM),2.8,0.5667225013958682,Intel
201,19,16,20.57,Microsoft Azure F72s (Intel Xeon Platinum 8370C CPU 144GB RAM),2.8,0.5742601898380792,Intel
202,20,1,83.97,Intel Xeon Gold 6248R (32 GB RAM) (Cloud Test Environment),3.0,2.3442211055276383,Intel
203,20,2,44.4,Intel Xeon Gold 6248R (32 GB RAM) (Cloud Test Environment),3.0,1.2395309882747068,Intel
204,20,3,37.72,Intel Xeon Gold 6248R (32 GB RAM) (Cloud Test Environment),3.0,1.0530429927414853,Intel
205,20,4,30.32,Intel Xeon Gold 6248R (32 GB RAM) (Cloud Test Environment),3.0,0.8464544946957008,Intel
206,20,5,27.62,Intel Xeon Gold 6248R (32 GB RAM) (Cloud Test Environment),3.0,0.7710776102735902,Intel
207,20,6,27.83,Intel Xeon Gold 6248R (32 GB RAM) (Cloud Test Environment),3.0,0.7769402568397543,Intel
208,20,7,26.33,Intel Xeon Gold 6248R (32 GB RAM) (Cloud Test Environment),3.0,0.7350642099385818,Intel
209,20,8,28.47,Intel Xeon Gold 6248R (32 GB RAM) (Cloud Test Environment),3.0,0.7948073701842545,Intel
210,20,9,28.67,Intel Xeon Gold 6248R (32 GB RAM) (Cloud Test Environment),3.0,0.800390843104411,Intel
211,20,10,29.1,Intel Xeon Gold 6248R (32 GB RAM) (Cloud Test Environment),3.0,0.8123953098827471,Intel
212,20,11,28.6,Intel Xeon Gold 6248R (32 GB RAM) (Cloud Test Environment),3.0,0.7984366275823562,Intel
213,20,12,28.98,Intel Xeon Gold 6248R (32 GB RAM) (Cloud Test Environment),3.0,0.8090452261306532,Intel
214,20,13,28.42,Intel Xeon Gold 6248R (32 GB RAM) (Cloud Test Environment),3.0,0.7934115019542156,Intel
215,20,14,29.0,Intel Xeon Gold 6248R (32 GB RAM) (Cloud Test Environment),3.0,0.8096035734226689,Intel
216,20,15,28.55,Intel Xeon Gold 6248R (32 GB RAM) (Cloud Test Environment),3.0,0.7970407593523171,Intel
217,20,16,28.45,Intel Xeon Gold 6248R (32 GB RAM) (Cloud Test Environment),3.0,0.794249022892239,Intel
218,21,1,35.82,"Fenstermaker HPC (12th Gen i9-12900K 64 GB) (Optimized, No HT, No Eff Cores)",3.4,1.0,Intel
219,21,2,19.55,"Fenstermaker HPC (12th Gen i9-12900K 64 GB) (Optimized, No HT, No Eff Cores)",3.4,0.545784477945282,Intel
220,21,3,16.92,"Fenstermaker HPC (12th Gen i9-12900K 64 GB) (Optimized, No HT, No Eff Cores)",3.4,0.4723618090452262,Intel
221,21,4,13.48,"Fenstermaker HPC (12th Gen i9-12900K 64 GB) (Optimized, No HT, No Eff Cores)",3.4,0.37632607481853714,Intel
222,21,5,12.32,"Fenstermaker HPC (12th Gen i9-12900K 64 GB) (Optimized, No HT, No Eff Cores)",3.4,0.34394193188163036,Intel
223,21,6,11.55,"Fenstermaker HPC (12th Gen i9-12900K 64 GB) (Optimized, No HT, No Eff Cores)",3.4,0.3224455611390285,Intel
224,21,7,11.12,"Fenstermaker HPC (12th Gen i9-12900K 64 GB) (Optimized, No HT, No Eff Cores)",3.4,0.31044109436069234,Intel
225,21,8,10.98,"Fenstermaker HPC (12th Gen i9-12900K 64 GB) (Optimized, No HT, No Eff Cores)",3.4,0.3065326633165829,Intel
