,Machine Name,Unit Runtime,Manufacturer,Machine Index
218,"Fenstermaker HPC (12th Gen i9-12900K 64 GB) (Optimized, No HT, No Eff Cores)",1.0,Intel,
123,Fenstermaker HPC (12th Gen i9-12900K 64 GB) (Hardware Defaults),1.37,Intel,
80,AWS c6i.8xlarge  (Intel Ice Lake Xeon Platinum 8375C)  (Linux Solver),1.4609156895589055,Intel,
113,Midrange Desktop i9-9900 (with HT),1.5251256281407035,Intel,
105,"Midrange Desktop (Intel i9-9900) - 64GB RAM, Mapped Drive",1.5256839754327192,Intel,
98,Midrange Desktop (Intel i9-9900) (No HT),1.6605248464544946,Intel,
92,"Midrange Laptop (Intel Core i7-1070H, 32GB)",1.7573981016192073,Intel,
64,"Servers.com (Intel Xeon E-2288G CPU, 128 GB RAM)",1.8909361621998881,Intel,
8,AWS c5a.8xlarge (AMD EPYC 7R32) (Linux Solver),1.9,AMD,8.0
32,"Microsoft Azure FSV2 Baremetal Instance, Xeon Platinum 8270C, 128 GB",2.070537874651033,Intel,
48,"OpenMetal Private Cloud (2 x Intel Xeon Gold 6338 CPU, 32-Core/64-Thread)",2.0728643216080402,Intel,
186,Microsoft Azure F72s (Intel Xeon Platinum 8370C CPU 144GB RAM),2.0734226689000557,Intel,
153,"Dell Precision 7920 Tower (Intel Xeon Gold 6246R CPU, 3.40 GHz, 192 GB Ram)",2.1608040201005028,Intel,
16,"Microsoft Azure VM, AMD EPYC 7V12",2.317397171133445,AMD,
170,"Microsoft Azure FX12mds (Intel Xeon Gold 6246R CPU, 252 GB RAM)",2.322166387493021,Intel,
202,Intel Xeon Gold 6248R (32 GB RAM) (Cloud Test Environment),2.3442211055276383,Intel,
0,"Microsoft Azure FSV2, Xeon Platinum 8272CL",2.7577703330541596,Intel,
17,"Dell Rack Machine (Hyper V AMD, 10 vCPU, 3.49GHz, 16GB RAM, 128 GB drive)",2.83,AMD,17.0
138,"Dell Rack Machine (AMD 16 core x 2, 3.49GHz, 64GB RAM)",3.169179229480737,AMD,
